SmokingUsagePeriod,SmokingFrequency,Component1Damage,Component2Damage,Component3Damage
14,15,0.6081270734480351,0.9020037755288645,0.5877759176386039
3,5,0.3532266529616116,0.05164523701660173,0.1754376970258651
29,9,0.6111082415132728,0.18666731757519528,0.44754245562722506
3,1,0.23173015592511714,0.764873264079569,0.7515599390757604
7,15,0.9224472180372602,0.29574700647080276,0.6223313712717933
18,1,0.5480248769018388,0.1945333519161836,0.05841917535909247
20,17,0.9827969261436131,0.7867064858209362,0.6244007512959313
11,12,0.8788971929147378,0.9447172123787033,0.8239948431637961
28,3,0.32531561764686623,0.3659105203104963,0.3835286381208165
26,5,0.0386726247390804,0.38316426827578687,0.429104487563016
23,16,0.9654423147712563,0.6786196948147227,0.5906423873377462
2,11,0.42179475980614634,0.290227548959626,0.14916303275191944
1,2,0.9254262322763741,0.6061906281415808,0.6507195988137537
18,10,0.8147357919217074,0.5349032440961093,0.15242551606441446
16,14,0.6308438140846123,0.5039921394076378,0.805257309880674
10,9,0.3408118105579728,0.7794175417210172,0.7340074500407463
1,18,0.7746518037415685,0.5427045370666,0.055965233249009594
15,19,0.5245324287271411,0.34005201077582703,0.9865500962141055
1,8,0.5908634559242304,0.5396404336048758,0.8332821254402363
16,16,0.4299403916144302,0.8625962856285789,0.6263365118468412
26,17,0.031147079959182644,0.7729215101151786,0.7065892215332805
20,7,0.3317985496697521,0.8723665781534544,0.28284549360022826
15,3,0.258182013582099,0.2004452391927507,0.645448853130248
5,14,0.20192744177444244,0.9556831799080966,0.8625931332305113
1,16,0.5476053637923072,0.08839652499464679,0.5206223751984593
17,3,0.1745474012605136,0.31331376486995277,0.2624816236063746
5,14,0.21253777802388696,0.8179721324692787,0.8595767841963864
18,5,0.23371258297724096,0.5784023004541216,0.4576989130829088
24,8,0.4725461606155287,0.6319881496334051,0.8595867645614129
4,13,0.9718254074375557,0.9230767953867794,0.018340327050227367
3,16,0.5095682868673945,0.3338071756628389,0.09348205713828261
21,1,0.32290318167385235,0.5846975166447995,0.20083745599533354
8,4,0.5347082439825925,0.34630576420372505,0.5576314157736918
3,13,0.6249952830207728,0.9021785363274984,0.048553805898568614
21,18,0.6206582988500849,0.41480430584602324,0.31655149826638085
16,19,0.7206741864466464,0.5027695794502423,0.9607562618674024
25,18,0.46231262499050496,0.8739970466715495,0.9273001082538439
17,11,0.986447123860041,0.7875510860693998,0.6972729629444123
8,1,0.1832646407382712,0.02627697329894285,0.8338912792252017
10,14,0.039617836531644524,0.07764558938778476,0.04349874234734141
4,5,0.36652851881813553,0.09696449393147066,0.6262064098182507
29,11,0.4760143163336037,0.5784216197795452,0.24605768474598189
29,7,0.11957499777985658,0.2972516644475389,0.18182738547322386
21,14,0.4116556925811603,0.11652443934687207,0.3190180580407038
7,4,0.006139929632526631,0.5924893625566897,0.7003412469712035
2,4,0.05904901030085896,0.34601111418513986,0.3899496381858133
22,13,0.295298510602822,0.7822414690329434,0.3560538445752204
23,8,0.843433983240313,0.6944967939390272,0.8865357485409165
28,2,0.8419357258428815,0.5729750215263005,0.4030799800045606
3,8,0.6281836990519285,0.5365888550080198,0.6399996506004957
2,14,0.29793902762522995,0.5781632241599153,0.7809878043727903
13,11,0.4826842287279428,0.10999958970644519,0.5686752933940118
9,17,0.9297553113828042,0.3295317874731237,0.05984398437782601
4,15,0.07812066476405222,0.042383040877675304,0.9634642719751113
11,18,0.2563582611543166,0.14090390907662687,0.6541907737299577
6,19,0.05563207715484686,0.12171111141893187,0.9970722692140594
1,12,0.15218517604564508,0.39065956519536627,0.2546352209498097
12,4,0.1589050700160508,0.6048328826334181,0.41201958303783537
3,12,0.33634952864902823,0.13400250000290737,0.4790665467144485
27,1,0.7034934927747329,0.8053627213969222,0.9795350033209848
11,12,0.2923612487790451,0.8801862613334869,0.14448942081349248
23,9,0.5761918181800831,0.9247182522210311,0.2980895536960717
14,13,0.6638751112348134,0.4612324804832938,0.597702012637355
19,19,0.5740898495797042,0.8774514340711048,0.7403617317216308
5,5,0.029415065116601302,0.9053233344927051,0.7688605296267377
16,18,0.3800254072612467,0.42970451706430646,0.8928927380259016
12,10,0.10717148285855782,0.9907858326866702,0.7612578246443572
28,7,0.22814411241328114,0.07261827994632364,0.02786644620758949
13,17,0.6687164130303705,0.21298867943684796,0.15741495146346673
21,4,0.6025668086946916,0.556036841014611,0.7078489518725617
7,6,0.24041599133228964,0.005694564639689981,0.9744480259411064
14,19,0.2803672208223533,0.3349931196656496,0.1006428936444701
20,8,0.186813933137,0.646329039237524,0.09322581442244904
27,13,0.40339956164604795,0.9756921974528047,0.9517794682292278
17,10,0.145740167738173,0.8334763854823718,0.8280985695768415
7,6,0.8438175479538453,0.9231848686776428,0.08562972188763207
15,14,0.18578014476650684,0.037662283007665276,0.6332349887534559
21,17,0.13675452288508205,0.07127100895884364,0.17481364985324033
8,19,0.233120377812028,0.8028289606973943,0.2583843456419018
12,14,0.3657137088131883,0.5703018962009377,0.796407248812477
23,3,0.8131744929420555,0.40070036842548695,0.5831451657727491
8,17,0.9142887865604346,0.6401782539581317,0.4669641936309037
2,2,0.5563997738806229,0.16250659409595036,0.04307758691218855
12,2,0.7966156112496982,0.22579533196799217,0.4356787329679216
27,1,0.6954975728054755,0.9794635590507735,0.3966198732344195
6,15,0.05446812670152035,0.7142069923697506,0.5710790956474855
24,3,0.7331051145201861,0.9784993899664827,0.2783938296733566
26,10,0.8655549930200309,0.8578597755563829,0.02106695812027981
19,4,0.6357289120098585,0.39207217193981525,0.405964372599004
21,15,0.1594783305317402,0.9421167885075927,0.11598790987981611
25,4,0.9921730410316997,0.14274542539230328,0.1863906891932331
18,7,0.808162671441559,0.215409303250642,0.09947410113943722
13,12,0.4210098202706519,0.06721055839305112,0.7840016599502972
19,5,0.7874012554216002,0.4248759829340344,0.5341142360714711
18,16,0.527633494652292,0.6837695541134544,0.01935369972530132
2,9,0.7399272759351987,0.3457950929700221,0.9351726420143429
20,7,0.7447843838125355,0.6464109623735544,0.43446047449772884
13,5,0.7554158397201574,0.5056647710076566,0.20941173373853383
22,17,0.023969303015248578,0.8723892262909578,0.37782693152412805
10,17,0.011211792151214595,0.3067066169279833,0.26930808304251197
17,17,0.9847044121898162,0.8759003536672727,0.6158873397518023
25,6,0.7410396564400565,0.6334086749745738,0.0006456832591302808
28,16,0.8268062667428185,0.6665927516319434,0.5869074610819978
18,9,0.13121521358284438,0.19532944736642333,0.6355301913301583
23,1,0.3189983462684818,0.1744189292771926,0.8424549608667918
4,9,0.9890584497060334,0.28022480707713227,0.2137003155699294
4,18,0.03632020120266055,0.898237850431725,0.5675855062308405
12,7,0.6947977632234102,0.8205861443105813,0.48801791421051355
22,12,0.16460129820040847,0.7989059741084028,0.15155762690497376
26,5,0.37602470738666427,0.022149465521072553,0.40560944600477533
8,8,0.9225908749494834,0.7476032879777325,0.8868281748473682
10,19,0.48843990406749516,0.3145561905554889,0.8827839140166874
3,13,0.7549301952760622,0.9911348424081804,0.4249416612822049
4,6,0.07207293172936391,0.1545104625704833,0.7841839250681547
12,5,0.37337211201001086,0.5524354151682027,0.9570673953708507
4,7,0.015350375887343337,0.7493964003134151,0.26501611912579126
20,4,0.8790138408270061,0.8086019865898392,0.6448413263333665
25,17,0.7376212645374342,0.9089026259930159,0.6516346345727552
7,5,0.1299861283680861,0.44442605903100885,0.2999160937433911
10,10,0.4407586453143032,0.5603782802308382,0.8430572101707972
24,10,0.1215374043426366,0.36458470195362536,0.6498905930228907
15,17,0.5793594335428872,0.22675426768773643,0.8849878059204843
7,3,0.8980775273818674,0.982807750564314,0.866964884159522
20,8,0.9680263873109751,0.052940576049068655,0.5161170894815352
26,17,0.4690956978905457,0.2694164893707961,0.703238820660938
7,7,0.8288329328397668,0.38068209751481574,0.12270739838327827
13,2,0.7682911609247891,0.2029453299496352,0.9600588755089681
23,6,0.01240872879797661,0.26051087578502397,0.4288058261456579
28,16,0.1720181862241269,0.12101663106729665,0.32506679499579405
7,10,0.22388380080128278,0.47480764981157486,0.27983340787343247
18,17,0.09005544028228529,0.6979039695255724,0.3584379227899127
15,9,0.2832730351684596,0.1453256854725512,0.5292383181094228
11,11,0.34102082476691364,0.6491243011752202,0.47112473055262205
4,16,0.42730425841427266,0.10892940786028438,0.3786211468111167
21,14,0.9161892167701998,0.5345032400996038,0.39711225905597225
4,12,0.5135188176778572,0.7136303198622386,0.5053577371101398
2,3,0.1361662917491545,0.6620225890794624,0.6268754435065177
16,11,0.48978154022715426,0.7021934638397588,0.1655592804542848
14,15,0.5135705679047814,0.74194425160518,0.5806556222452824
17,14,0.311994584180463,0.6207544325501119,0.9375308482448714
6,17,0.5963372241047304,0.7488270596911772,0.9753804468219592
9,4,0.30680492674014537,0.0756012672579297,0.933286766148449
14,3,0.28211322708858777,0.15862371828442123,0.23520309985972943
23,4,0.87412161182565,0.26657087054343676,0.13766283560642956
15,7,0.4066364073338128,0.5037146042547948,0.3982616260483943
16,19,0.5092080100031136,0.6081225244407709,0.7298513379726711
28,15,0.6172908058533367,0.4502942234364098,0.3184613472141278
9,9,0.6178030720964578,0.09026046616896333,0.4754614066556426
26,5,0.6155994514983139,0.9869280013799575,0.4774792569539704
14,13,0.7661881941261661,0.19076543468004192,0.03339179021547822
18,17,0.2835411071391605,0.6030697421272412,0.923309136267327
1,1,0.793868756801479,0.9053620482654811,0.09862374229189963
4,12,0.5414527527127249,0.653594980167506,0.0761684044088935
2,16,0.8914255527401104,0.4705414775387392,0.5738032847275254
20,5,0.9365514036901131,0.7991706372446166,0.3890597121700924
5,12,0.06802490993871169,0.4289899767309364,0.6055213043374383
8,18,0.4215791720870905,0.7648725496106308,0.44295266605844896
7,13,0.8800100512928344,0.25612903079209204,0.5633586827360842
29,19,0.4606951342252513,0.5103316720328664,0.329535025359438
2,18,0.9108431589049236,0.31707919393194184,0.3634675238463666
21,5,0.016499490565757502,0.3586648989478064,0.719634845745487
13,2,0.5476922298737125,0.44132274389317505,0.4251644657989262
4,13,0.2922291304823592,0.10414492925493657,0.828664275677954
13,9,0.21886530320993258,0.9820575506907058,0.42719431412080433
20,2,0.43607822153477893,0.8967562155440633,0.20437707939295968
8,18,0.9963799766701859,0.47978551036957007,0.9340436109710684
7,3,0.26784259403664756,0.14346245339021013,0.984468844195378
25,12,0.8652207262226506,0.12844834498653668,0.8387966348355665
7,16,0.22442205994929498,0.048975248296937446,0.5520767097302669
14,9,0.7345812002131736,0.4028008292094276,0.33695146459138847
29,12,0.310113427210137,0.8643780485250383,0.30290673357859255
13,14,0.05457111353500088,0.6882037165481275,0.5436314834763758
21,4,0.8851954141657136,0.7468628370459129,0.7742839226071963
5,7,0.5262383272263786,0.6576857569099605,0.9133835228647719
24,15,0.9503315498551758,0.9364305926423094,0.4355453926571111
17,18,0.7124708676632476,0.379623775645866,0.6520445566307119
1,7,0.21087759391270355,0.7440546072634384,0.4158241790781626
26,3,0.6652650135152748,0.26914712087639825,0.4628920115830575
9,8,0.7435520922634743,0.679066489576652,0.24904157464338772
25,8,0.8736933255588378,0.7079515394799213,0.8119225680194448
21,1,0.7694202294594286,0.36554365979287906,0.7201883477566818
27,11,0.6756138031545167,0.37654870181097255,0.6768198927068925
27,7,0.2268614086352897,0.011032331072073687,0.6525963392087668
14,13,0.043327412933811815,0.44472462958557946,0.7414630396094467
14,2,0.23459792426366988,0.3842443949729438,0.8910311542094964
9,2,0.31107997103270757,0.7681463639580355,0.886450182702633
15,16,0.4816148118660112,0.8879511835028393,0.8307729630451371
7,1,0.4314627157452826,0.18250330719357655,0.915528766503554
2,7,0.30505394493281857,0.4181265815694317,0.17213837736931636
7,8,0.6528137872627288,0.9058854419585541,0.9772307197793161
9,7,0.22997602871892298,0.7795299555362539,0.22222318982345957
24,15,0.8295137733945707,0.04785651899553356,0.4033848467676244
11,9,0.8625200185589392,0.6463375969521429,0.9309272295581213
13,12,0.8404209707276326,0.006287108034150557,0.13685283101333012
13,19,0.09833967484281236,0.5117189803622286,0.6230615769654165
26,17,0.7925079253120025,0.7202990894520349,0.8504026402134595
11,6,0.764784415754837,0.5092667560298761,0.7881501673248524
28,9,0.5294929573709912,0.591606284885956,0.6298795429659805
18,7,0.6381685917058375,0.864283530065975,0.002823909698209226
8,16,0.8600785592023544,0.24324952221582674,0.3158847273732932
14,3,0.05012310832373501,0.5460280822575216,0.42143165522020687
13,5,0.39165123487746156,0.051695418225218615,0.344338922976428
28,17,0.26116532360151,0.27378243521083656,0.09061159418639375
2,17,0.3799373340512795,0.846507316346688,0.5433313531685946
24,11,0.05270395235656733,0.680087222292857,0.2999815848341465
10,10,0.6862116609069866,0.31786265766077804,0.13349063229913516
15,1,0.9406776432373201,0.0508738369725491,0.9040486687862693
25,10,0.30811461565358733,0.16594093848157876,0.18121322247021732
24,16,0.9063108848848019,0.18406478427089012,0.8247261230877077
2,6,0.16409460395993214,0.43403959849776863,0.7477506486895283
4,13,0.14663300768780052,0.2635217844746044,0.8908193931795109
18,11,0.5449936433389053,0.5334322981478441,0.45298088800755854
25,16,0.2811919322762868,0.1286481984082346,0.0779228443322032
15,18,0.5557760761879449,0.16783312408802153,0.03496410925869642
24,9,0.4035122300564389,0.9130038632190721,0.3754046240031732
6,8,0.9016080380468955,0.3405801552251808,0.6654385905343188
2,10,0.13644574163624723,0.3700055355790872,0.9520879458783238
19,2,0.38904181751907807,0.7623667280490938,0.027859366745634384
6,5,0.7726429048082586,0.8862566560468484,0.9708519169326324
3,10,0.15671899563329195,0.7129770302026465,0.13811907131612788
19,5,0.5463451581277726,0.342410608846345,0.007275934087605296
15,5,0.7312728772453129,0.6437320543224677,0.6769851710687144
14,5,0.5226986825181764,0.04578815931250513,0.28620069134401305
26,1,0.9030133101134753,0.2323846611317143,0.5694498719444304
4,16,0.4437569362257834,0.9867564570873304,0.7854448857560259
19,17,0.24999565545083657,0.4260580243360209,0.42083318708882855
28,11,0.31059072936001564,0.2410068031688667,0.5282145137436071
15,16,0.8041303656358729,0.7879398041273353,0.2885921515842922
23,13,0.8352597371037044,0.558029568435929,0.9699827331050126
24,9,0.7206280645505989,0.8228045162656972,0.5736927022528628
10,5,0.13630329649730688,0.9820904619085674,0.3964188095370388
18,17,0.4941001044228036,0.22541927898195446,0.2153190900837908
4,16,0.7690320514455714,0.35128464604285536,0.034725833726651834
12,18,0.09965728849478583,0.5411906632383886,0.5515369521115653
27,14,0.4759689565428993,0.5715524979475676,0.44705647758933686
29,16,0.8807289864502333,0.6774212946417806,0.5985225210004653
25,7,0.12630216267779415,0.7842604651097483,0.6778716619581592
12,3,0.492687600776748,0.9102240575816953,0.8084024963832457
11,13,0.16276381809709162,0.5183057418397505,0.2894512157400819
4,7,0.8618095460557686,0.2462548722170287,0.2329987231598678
14,19,0.16992071929025943,0.709634233854882,0.8204925622636721
27,16,0.06290048403915938,0.25060132751541864,0.2438684280809449
27,5,0.20159547754619633,0.4968832146382153,0.8491525197721828
28,8,0.5359524720840694,0.546360525191784,0.31727566054452416
24,15,0.880838944639184,0.6096058475642817,0.6312967884092738
26,9,0.10337915674426901,0.7334699073298788,0.23731828023126333
28,18,0.9966711741784792,0.4459609177967607,0.6939153446696498
26,4,0.9574806763280627,0.7839993154214074,0.42033011385628183
15,13,0.10187304728747981,0.4408905277857499,0.8616559380145284
28,12,0.9115793391958485,0.3664532805954265,0.8877181038680743
4,2,0.9877431143193203,0.31175092588114484,0.5626474864499265
4,6,0.9540435424275799,0.08446852808093441,0.6838038451495944
15,6,0.3871561522295216,0.7150100925669337,0.8902890334748897
22,3,0.5939525698677102,0.13722174919585184,0.938721840519997
28,17,0.10596800170217302,0.03899356422490585,0.020590009776168094
23,13,0.6853449352227831,0.23236419061114155,0.9604728991407475
17,16,0.2159062103281053,0.220956538133797,0.5203446887128415
25,2,0.14621364337405784,0.6904790002792921,0.1541113130061208
24,16,0.28996183527608643,0.8133525261044902,0.6954826086175123
24,8,0.4146254170496464,0.16705638472955509,0.6393656396895645
5,7,0.3396679274035589,0.4768916294489586,0.8380106855848984
5,6,0.5871554482993231,0.5986602056909314,0.4843971814945527
6,12,0.06747919724016138,0.7336810839509632,0.9299419474174645
17,14,0.2599001610816051,0.20943856540297012,0.07690081237866919
25,15,0.4047189292576143,0.14068601651973434,0.5036542516915133
29,3,0.5720436261418762,0.45529576142414707,0.314195609188057
10,9,0.44015444835595297,0.9495933261755108,0.3601070011674582
3,18,0.4510868781508022,0.9664387458197934,0.8361259100870831
6,11,0.4422398011251384,0.2144068298326417,0.8156895213000648
2,3,0.8154605323982118,0.4520915935097042,0.31012257373395524
6,15,0.19580672728790927,0.34417863828614303,0.32858910444293965
29,5,0.8968520783834165,0.01404308428452139,0.36101522194403246
10,8,0.34225501562035776,0.4788203765591932,0.6906288450799151
16,10,0.914603292478657,0.338812040315158,0.3363401762823399
28,14,0.14275034584107638,0.6660782539967873,0.47954612246096584
29,3,0.8003772780984122,0.6771450831938702,0.049486433140216834
3,18,0.04157813350129058,0.5310156206388845,0.8334203161181781
11,7,0.9269595789909962,0.06375169807025671,0.9991022843955168
5,6,0.9700093119763515,0.8377878225924956,0.585448474526178
4,4,0.05079071462961138,0.9609325287479171,0.7605926209537256
17,12,0.8028515231623349,0.7888056354372729,0.43641437692174967
4,2,0.1500682572711547,0.7619628328305379,0.8636739377240148
24,6,0.6749568032107043,0.8670281405046345,0.047047739746898465
28,6,0.9105897867064633,0.7154170170400728,0.3174929082493486
24,15,0.9072795115882422,0.388178829207107,0.5824554025625676
3,13,0.21342988373432004,0.381610119950336,0.2982747322160958
6,11,0.1072086408347247,0.2079725985089279,0.5068231736252482
18,4,0.6527307705078412,0.48811317069667315,0.5829199165861075
24,2,0.6729187052668639,0.8719959257512889,0.6498395670166287
22,14,0.32310676535888083,0.10533884524339787,0.9749320065643274
26,6,0.9867851940446422,0.10354854474205266,0.8459371662568069
18,12,0.15864782909207875,0.40000832298528555,0.7175397063435203
27,14,0.19191335353149364,0.32811219829768423,0.2676598937038014
3,14,0.44537140184028645,0.054719656498825375,0.1161177963800667
14,19,0.585844839434673,0.19129765481073113,0.09544016747444772
11,18,0.8468177944929782,0.9192759964042625,0.6647969686506605
9,17,0.9395023901447949,0.9772260389412634,0.5775955476456446
22,12,0.018666554497381638,0.5539876552170807,0.3256864854812611
1,3,0.8962593366911731,0.4117914007629999,0.23756043164666418
26,5,0.33616744905481355,0.06052907747119618,0.6680103185526649
4,9,0.11155186243010484,0.8571120397537889,0.6711331223335868
4,1,0.32606674481186004,0.5833230140630039,0.547866105024235
20,12,0.894820079256414,0.048100147112550284,0.44590740755158864
2,4,0.3339259866846558,0.7466694045315689,0.17431242995690166
8,3,0.3362146658246772,0.03641182092751949,0.07096268572336151
7,6,0.6126486273497306,0.5741878915154507,0.4814386749513855
4,1,0.6719449402985086,0.8966515703576233,0.25723666041655857
2,17,0.523759289822338,0.4125473181804288,0.7589245250423771
8,3,0.9869881035727668,0.37114076453700273,0.5349267095858216
19,19,0.9602932810341923,0.8023275246716541,0.04975970960127185
29,3,0.8032666356375435,0.8901306986908475,0.7136588629588232
7,9,0.7722787696812196,0.004939347859048371,0.6799485437546637
6,18,0.14799639792487185,0.3917215708679691,0.9043458544957903
10,1,0.09131100114547697,0.9840586607063033,0.21275303513741395
9,11,0.969368190325192,0.3362086034318451,0.8208095786358045
10,1,0.0780817931946376,0.6695401849186904,0.929481029592442
5,19,0.805897403466718,0.548528075404749,0.6127389068971529
27,6,0.047553141947482724,0.780384058451064,0.7374906416779815
24,5,0.17855485819323302,0.15893959221990117,0.0584996176471001
9,18,0.41818855539152144,0.9491432019413969,0.12052717449180383
22,13,0.9703512700215964,0.5916131195106218,0.07141146338216808
26,15,0.4235124952535011,0.774949198568818,0.7713669343774083
19,16,0.13805819035895028,0.6605018421256785,0.4965347698740732
5,5,0.17422200659007125,0.325394764027665,0.018662682793825547
13,19,0.6633419086549661,0.04302024574689611,0.8041311562673138
29,9,0.9743256589147726,0.4602584538348441,0.4730715702820021
4,11,0.062311497245340575,0.9268663885156199,0.6389866677102637
20,7,0.8742650990348959,0.18292588587139136,0.22051570690734068
18,19,0.5264420482353803,0.8097414817739365,0.4316531792351136
8,9,0.17170487267633905,0.9432896347123554,0.3524051136459593
13,1,0.5727549380297928,0.039305443483216074,0.2864853224468846
9,1,0.6996277110618365,0.5847054951165745,0.9972757876196721
22,8,0.6117837355815211,0.34690636168617484,0.3888231800418821
24,18,0.9254019325013714,0.5742121675854857,0.34193689662659776
24,2,0.6424677889362213,0.7154439939964409,0.6142765287517706
15,16,0.420151280711639,0.01171047948111792,0.301243811979499
15,7,0.29436002455387644,0.017119138780445242,0.04885207792468638
24,1,0.3906089053990761,0.4880352718975285,0.20478845998259765
29,9,0.2586183259209094,0.15116983611500268,0.5362283338158285
22,12,0.42878113250766636,0.7681975173355686,0.4630566165482781
17,12,0.3571946040286377,0.5370965019325857,0.5211340618449124
17,17,0.4862937461328424,0.7536091627229066,0.6899242954874965
15,17,0.06438824091788242,0.8011537350285652,0.03811594905722249
25,11,0.8951855078349704,0.13885601723690066,0.7556434330013787
16,19,0.846137659718347,0.021843171226032188,0.1842704094471146
18,9,0.5726517603047374,0.6171532781355565,0.7532962203962411
17,10,0.9111541142669934,0.8105720672057101,0.023210289512973215
15,11,0.35959160723400996,0.5314776357029584,0.688369169546582
15,12,0.8159902120899025,0.9304642302808946,0.5809944131692033
21,7,0.18459429009952688,0.8280605372625706,0.9201000989654121
12,18,0.9713906790067739,0.3238777998426733,0.5862512562476163
16,15,0.3876655498428503,0.3053554137342134,0.26116088945025273
27,6,0.5892850170113338,0.6357939061306673,0.3043817175126141
22,17,0.200904395603972,0.0676758778452008,0.48077886980603046
5,5,0.5871831990207446,0.3135003018324859,0.6362438875959893
22,15,0.22057101710109273,0.6284846096054605,0.8890176690263424
1,16,0.8624058972909242,0.6210284100090951,0.6889765787941906
8,19,0.91146646662787,0.3884447644833565,0.9816786912170571
2,3,0.14595221904790867,0.9945468130751814,0.01038090172224504
3,3,0.5198936755034028,0.9487340361213337,0.46678235968243076
11,15,0.7313441431469228,0.1298440368464464,0.3626250696783515
19,16,0.3150291529996826,0.6021205803542156,0.17710699191661206
8,8,0.4132668782406833,0.5131194960514198,0.23423705904623926
27,6,0.11018792250589338,0.6344196621381553,0.22719847995122777
8,5,0.33287081240499183,0.18919136730087782,0.8222120732860275
4,15,0.5180596338548555,0.07848281992654615,0.5834543121833854
27,16,0.7494479350355641,0.9122535530822474,0.40119267807884984
7,14,0.16651097425034433,0.763363173684716,0.5187154765048624
2,17,0.7989707377809908,0.9403075452021794,0.8482168664314631
9,7,0.2196162511322156,0.0935426657993772,0.5232801758648524
21,5,0.7703494852462317,0.5978521539485343,0.09859818558703226
18,14,0.17409251534463532,0.5763985901397382,0.6455399096929486
14,8,0.7215122278978803,0.23943976047859306,0.6532311017656622
23,14,0.8931773557035833,0.6363197808696798,0.6232736072503224
22,2,0.17832059581854542,0.20649488780981717,0.9218731914288679
26,15,0.6747086177701672,0.7451846161939076,0.21223972412515957
11,3,0.5298158355982893,0.1038796128623789,0.9974983056464303
16,4,0.39654022436158787,0.7862045853735418,0.06841183191597977
1,2,0.70527617706275,0.04869844394445044,0.7794191135416246
4,3,0.698036245093825,0.37004687542245274,0.6147826229331329
18,15,0.3380000380848366,0.08081671949790126,0.791576766925783
20,3,0.368453172946985,0.9807390479152385,0.3549899515460142
8,9,0.7695895209567643,0.26811140884793117,0.9972321903265292
8,9,0.7908390926702203,0.47302739811802497,0.12600313158391097
24,4,0.9931677858693881,0.11319831871971764,0.637980114052539
22,11,0.939715920196157,0.4543817175072833,0.9634812500143195
20,10,0.9333283400607061,0.642921944812395,0.629359923471385
23,10,0.9327834838720446,0.6147689998329176,0.5478731972934493
15,4,0.8319275682394505,0.4720258449766057,0.42500069646906136
20,17,0.6655446233516928,0.7284901229174051,0.6735533011395514
6,11,0.1314742959631935,0.44198435273409475,0.8142447004066163
2,15,0.29044950820545423,0.3368568860939627,0.42150386686737296
6,12,0.9265853482876135,0.897804793420636,0.9900196957951591
10,7,0.9721394165393962,0.4720329814788443,0.4564732871729066
18,13,0.7418243979456539,0.0297038213122347,0.28378232643474977
4,3,0.06149837007087244,0.5179660411050787,0.5976970764932226
14,14,0.8543928797196888,0.07052240104794782,0.06886720366805443
26,3,0.17253254794841333,0.9153101779157564,0.19864104615278544
2,13,0.7422153399204489,0.3268152098413193,0.3220177285836241
22,6,0.31970933242336563,0.19522075675356587,0.7923001867988667
7,11,0.16537997182198816,0.3130625178087775,0.18553526005280696
27,11,0.16373939589995679,0.9513020751388858,0.6146705651653954
18,4,0.1252379390108308,0.36446375806011644,0.9828551434976881
22,18,0.9981820246744911,0.13003997199817574,0.750597549458096
17,2,0.5176889441566361,0.366129298461376,0.47546046644552353
24,5,0.4124236775731248,0.04523045943790205,0.8121612517693029
17,3,0.2074277306526462,0.6719135922726033,0.12078443521414328
13,3,0.4167935994436841,0.3477106107239776,0.5888936453962129
27,10,0.8691862236495659,0.275490940124575,0.38029249480416794
20,12,0.15884663283486444,0.19782337652683202,0.908369402889997
17,5,0.5037046000291924,0.2833970380070173,0.3105680892742234
29,12,0.5359586654345566,0.28537737019153697,0.6884839803327588
7,15,0.8491982263286418,0.5038242171595724,0.23298724627698097
3,13,0.2557528685385898,0.073799379638254,0.7533324155402383
8,3,0.2719175041018034,0.16509497097875447,0.9788778921567572
11,5,0.4163213958594325,0.7045460935809608,0.46356554132114935
6,12,0.009813276732686282,0.6904006658915508,0.887494139095514
15,6,0.09342532497552702,0.4451023554649448,0.3493494556603072
18,4,0.6962752749793014,0.5573737053449681,0.38406341905929475
1,14,0.5679138224525766,0.9422958430617692,0.11492343023776386
1,15,0.06751933042154579,0.18118878602943178,0.9399064112380011
3,5,0.42905393844597883,0.7588223703300389,0.517683817968095
7,8,0.4212123471147732,0.7122104366226911,0.43311433003144484
6,2,0.9281935961456156,0.10505730337492991,0.06794745233472388
16,2,0.6414307041187749,0.8025406979392401,0.07443841847924437
15,8,0.7289875872507761,0.6821253502908439,0.28803291095656336
29,11,0.30436426728669985,0.8181871085539123,0.8547456473639652
10,17,0.2295698145802929,0.0535150098020204,0.9419529770864274
18,19,0.9710763332384028,0.5723419670678556,0.7129372727018383
6,6,0.3002419450879711,0.42312886147046025,0.8667742741785324
20,10,0.9811145309595797,0.8822147404195324,0.8013461562458192
27,2,0.13656376814815596,0.5846780030188652,0.9759798861063105
7,15,0.7810069485800071,0.4179200739785355,0.39845176435414187
5,14,0.5980457592590227,0.9914841620969854,0.8301814091146785
27,13,0.8887890561282066,0.29712036415118015,0.9164436095186694
8,17,0.30818346006755715,0.8471995998800022,0.8070531852055509
14,11,0.12289977194689083,0.765847376395901,0.8616317688824431
18,2,0.9790832385949756,0.3139313690535087,0.0013764983438844247
15,16,0.4063660452369007,0.6375073712727601,0.7113761826437848
7,2,0.46666696348151115,0.9612097974228111,0.4270432429444565
1,8,0.5236488774559052,0.4500784150566617,0.22382837619762963
20,4,0.5290237956764728,0.9106485410145042,0.8732228709264533
2,10,0.42400051333181943,0.1793779616769905,0.48856620666046546
4,12,0.9207257395159938,0.22832489245058618,0.008390912157930641
1,6,0.14911087171375959,0.6621362789609141,0.17876102641568536
9,11,0.6476939667252622,0.7913389058068651,0.1291815753081449
14,5,0.46704851978619455,0.1551271477456131,0.9031597113004118
6,15,0.7585409783736936,0.9996714189253467,0.7229597427567956
18,13,0.811176165400107,0.5441569115223194,0.4489629871717319
21,5,0.32392521520835427,0.7354152460081325,0.3412185341167113
20,6,0.768000272268724,0.775766152331382,0.006573661720984059
3,1,0.34332488137705597,0.9943158781992745,0.28540027305214044
3,16,0.3589199409969217,0.31593860424347975,0.6625437194169094
14,17,0.9476930715723556,0.3176444160492068,0.7042036468911899
1,1,0.16006576872833322,0.07400234436860376,0.811996955812486
15,17,0.8045496897063014,0.8509801935373583,0.4264524724420461
3,2,0.9230789623481653,0.31652009100671097,0.7920330007370426
28,8,0.07062570267614221,0.09401800493990853,0.8772395539982745
27,1,0.8141595462384955,0.18632002850980178,0.07677753308360857
15,2,0.4930434990240139,0.264075213973186,0.06689900151071226
15,13,0.0636915775575122,0.5053697742697604,0.9360951479087891
1,14,0.9818767107686178,0.7416699199684432,0.2610644259210312
19,3,0.8496057331929593,0.3219071401904008,0.49288046025108956
24,12,0.20352227369594567,0.45510789639743465,0.01918425430686388
26,19,0.9462352523674785,0.6590457633963888,0.33856584956203384
1,9,0.4745421301321885,0.40717806678353685,0.4676564847461099
4,4,0.05013490986804958,0.8797501902538508,0.3768908906209544
10,5,0.5736762008841716,0.9087939226388589,0.05075933231845464
28,5,0.2815010130405655,0.14758254405383364,0.6890821940573552
24,12,0.3502958111137693,0.8106439455575636,0.7517409791142201
16,13,0.34401719518305696,0.7050077410957297,0.9485216582843011
17,11,0.4812152601998234,0.4666732235745057,0.5244977051345444
11,3,0.6137598377934503,0.3816663103627851,0.03928126927254372
28,11,0.414815589931116,0.09333956842506874,0.12707357684707976
15,17,0.05440422515742793,0.2714843129000456,0.8895685676398605
16,10,0.7642258452032208,0.8952635651325749,0.8783340929817791
22,15,0.4789852798916503,0.6121992993642467,0.8654682799925634
28,17,0.42517721913877304,0.8757826329005803,0.2309574950974338
21,12,0.742353916377154,0.19638197488290654,0.07253299214727282
7,4,0.41853186947473486,0.2902839589272811,0.16093663167698302
1,7,0.24009502279131334,0.4007529320304509,0.38112151333694
8,13,0.06056796955253918,0.9146750072824267,0.687645876345314
14,14,0.5559191165684929,0.47575515484409614,0.6767017400613994
25,11,0.22793920742656593,0.3691329457354844,0.6926309648604936
25,3,0.4589441741438749,0.9925068589507314,0.4173950950837386
28,11,0.023293949181608098,0.5134336924679047,0.30236361902190534
2,15,0.15919865649815168,0.7803576635097235,0.6717440322109104
17,14,0.3851834623694498,0.10510780133080977,0.9565821980714275
27,18,0.7183691261588915,0.40932798811561555,0.6772484897936986
2,6,0.8145126520663799,0.2964888714558941,0.6106453354258036
8,1,0.35136026051162494,0.3154162569591491,0.5134980096275745
6,17,0.9878777808807605,0.1492905414127106,0.7898978722441387
20,17,0.6890597346917371,0.572653332911399,0.7724070601221441
17,8,0.9225377292378625,0.9514224150635329,0.5649615759251972
5,18,0.01298868977227119,0.3707480180597015,0.09108798745877766
25,12,0.18571759763768947,0.7467394452723382,0.4816047670592061
21,15,0.21153760288269385,0.20135664617883475,0.6934832111730455
26,4,0.9845615233776737,0.5712612988834017,0.03335343339750085
20,4,0.2940615018333066,0.6469365602472354,0.39613432844931795
6,16,0.8680512289103529,0.7660395197036498,0.0921735546792628
18,7,0.9296364232494002,0.6684748493224041,0.12271643882234429
15,17,0.5816908102779821,0.28597638611012566,0.812001780963352
25,15,0.37766548425035673,0.420302245900151,0.6911079115191758
1,17,0.7875855557905622,0.3396017038547986,0.6701890034215886
26,9,0.4625746084878498,0.5962660842524657,0.9554530586412221
29,1,0.3032721877362434,0.03814616400086801,0.6160906716553524
2,14,0.9429226251776351,0.35671526513912954,0.8483024809768728
22,13,0.08719861266070761,0.5865121849871887,0.3771194813590839
29,8,0.130741146315154,0.24825210222400007,0.17058647788203862
28,2,0.3874563424977935,0.9575810558092354,0.6362805983362078
29,10,0.30813736960566096,0.5707082593302455,0.8042511218402405
9,7,0.6363060967433913,0.3320309922924388,0.1499618455020596
9,17,0.11720495616144921,0.5574389315022498,0.2983969567207734
21,15,0.6718866817810716,0.31788953501218553,0.33693689490229306
23,12,0.5471095206900383,0.9278055288295937,0.836430635675045
25,7,0.2778598920060298,0.6320595609647656,0.023153868938549316
15,12,0.004588527213768567,0.14241625011857184,0.7774639950536905
12,1,0.9087901931703082,0.5395954671979987,0.2858066344700497
8,8,0.618895308970556,0.27099302240648415,0.2367118910950432
26,2,0.8513946122525724,0.4056510609876435,0.5399373919283296
16,15,0.5298176315245865,0.34213706934363664,0.30386938292912946
13,2,0.46455637065891475,0.061736739233183235,0.7764093193819304
3,12,0.649214146910221,0.7516812914038788,0.7702804181721487
1,18,0.14101375836141739,0.12903748376526458,0.35967949152834566
1,7,0.6145349080177056,0.43558990178723933,0.7481948363457636
10,10,0.48920768850455143,0.29469633537605244,0.27554455585283866
10,2,0.049756569153179164,0.7550503737769757,0.46429919982991963
13,3,0.6632362872179329,0.3444607285389769,0.8295769203155995
11,14,0.47024503060188494,0.963147823144905,0.3054174448214515
6,16,0.27585833588735653,0.9798656242494893,0.13038396489321813
4,13,0.16881234564869685,0.5429338228665206,0.14071759012043183
6,4,0.900869609433897,0.6843755878638166,0.16379954791637774
6,19,0.012658526827976413,0.620409827003025,0.40821773676574613
19,18,0.7278630998612877,0.6775333126365062,0.5273314264733606
3,7,0.956292372947764,0.93476760485017,0.745609677877397
27,14,0.08398170467888477,0.3828570015114161,0.1354301255029251
8,13,0.5083088152573516,0.5044670496156157,0.894421224648257
20,16,0.4167863062275142,0.10409933779908709,0.9247997270894902
18,18,0.28585864911294767,0.3163034124664844,0.7602764525770406
20,13,0.655227439833741,0.160083114599758,0.3061616713893539
10,8,0.10441820747932407,0.9481461882407043,0.2396089157509672
20,4,0.810818331115974,0.9687746279130905,0.3230523853706029
23,6,0.6181610615827277,0.03868128529406367,0.753165520167058
15,18,0.9853101843979656,0.7020384058447707,0.4853894200641894
3,17,0.3142274035016036,0.35355172508250254,0.8478203140054437
20,13,0.6495831042677965,0.6712209131828513,0.08133470399760834
18,2,0.9907538877726882,0.25025192591844914,0.9050240368752758
26,8,0.532743542283806,0.14426779355995556,0.3535684286362508
9,2,0.6915717356521417,0.1713249013791318,0.6142016087040615
17,15,0.3991814280355732,0.18991166327459907,0.18521265335904713
19,5,0.11731455931970536,0.7649482092705675,0.03759361928559957
4,16,0.8459501059871055,0.679422240644538,0.21489408401129817
8,16,0.8080623739918835,0.34629738035861823,0.41534398150081053
27,14,0.7350063600140315,0.5822954484148737,0.013714131716972222
10,10,0.45639065817214497,0.8300366264398202,0.982782485480021
28,10,0.11483725239845222,0.4717550474324238,0.18975301979945502
11,14,0.4549382558001268,0.8871109861803125,0.870157068943182
19,14,0.9578035189805483,0.3365334622733408,0.7224404540139828
8,3,0.6882008269097498,0.9473271214945532,0.755911845876967
10,15,0.026160826912437707,0.22779059938308044,0.6066135893872816
16,18,0.30481507734208513,0.20706610054250163,0.8827206930170112
8,6,0.4720696139072046,0.9088974058196206,0.6296221200264839
18,1,0.8568606741108042,0.467941692087544,0.23858495781173872
27,12,0.21576163422596095,0.9163835837741193,0.0535917321415621
21,7,0.034110362308931275,0.12973238674568388,0.9485523536324707
14,4,0.6582250410698905,0.7327210382210612,0.6294121375464287
13,17,0.79977903827898,0.14501787317771875,0.1758740923768769
27,3,0.43409169685267,0.25834821344197545,0.009966415273378049
15,16,0.6270873674420961,0.7088641839260499,0.31393745083637914
28,15,0.6306245162499591,0.5901569091282486,0.5606912803950348
8,2,0.7942850949338054,0.18951744865919962,0.3066678685829709
21,5,0.32017368651949074,0.7506983019713749,0.47911376221408297
16,3,0.21102615960261084,0.007709728697504303,0.02860912805458915
8,12,0.44991188640156643,0.19641655393032242,0.5406084474308369
9,16,0.9547771046433626,0.8549633295982062,0.5472466017655955
27,12,0.11558696832292803,0.8444551319548289,0.760693108569961
17,13,0.520549898757171,0.42667779749238666,0.8744153954319644
3,19,0.985497505201868,0.035269517043349796,0.2703892784035099
24,12,0.5056219728515742,0.8610932675706305,0.9695331391617458
21,12,0.9461325585321955,0.008357709063468,0.17704375064956546
4,16,0.8111868652455594,0.4767289547763143,0.47789661295092534
8,18,0.9481122038067846,0.724749519542071,0.7803496805113143
20,10,0.4648118293023117,0.33456752804682777,0.8737838998746374
24,3,0.3300031183530199,0.9188795301829036,0.1082830588606466
1,9,0.46047009278625983,0.45442622774025443,0.04165747963572408
14,17,0.503392155043782,0.24974420679621823,0.9252881300669151
8,2,0.19384719808991158,0.6182752120022617,0.6519447501915246
7,5,0.5899642268474793,0.16384720736065206,0.8356135046986773
25,11,0.8293332991124488,0.8758782429229086,0.7467441907538663
7,5,0.8617019081418855,0.5489428425977048,0.725742444705897
16,2,0.8540167409456133,0.8537845403871862,0.42214048169979657
11,18,0.7138334035843219,0.7319933222133473,0.7049426007682
25,5,0.20372589510128014,0.6196471696994892,0.12408831667615494
1,10,0.0837965572786119,0.020287328990343356,0.3884866429799543
29,7,0.6549547737514296,0.9914759098247565,0.7351240744383988
22,13,0.30308445575746723,0.389815490384552,0.42483873970480623
20,2,0.537757575014963,0.46349981069132873,0.9857245189982288
19,8,0.16652162258466374,0.4336390320378438,0.9246924977406283
16,3,0.11188004863720113,0.1231313651482393,0.2770342583437836
21,10,0.9189383325995879,0.14496550259389818,0.8822248592017625
20,3,0.6570475335864225,0.6559372239219259,0.8242514718170053
20,15,0.6945527161675996,0.323397218757999,0.47030710382710617
10,10,0.02043743311404078,0.3788859657590238,0.4200610152440176
24,15,0.3584318290530003,0.10809818574944652,0.2353917856553419
18,9,0.5568426866726991,0.06196160986300514,0.6011456744846184
9,16,0.06893525626696084,0.47551118571766127,0.5847937428382267
1,13,0.16525643494248243,0.5203409551619629,0.3327112394341184
2,1,0.7302217823582159,0.2023449378483757,0.6326437957920109
21,4,0.30444890683540926,0.658756309646604,0.6626514178250861
24,7,0.18261537762820657,0.9082992449737171,0.50317012254502
19,18,0.04856519872558607,0.5280866586040727,0.8825120659749648
29,4,0.07008271736674232,0.5245957522303217,0.7888324502262112
16,7,0.35213311782408163,0.0018039492313435268,0.06580262038028506
28,17,0.012982836776446738,0.4558289171322104,0.4617250577881855
28,19,0.6938466448221143,0.9372942088891232,0.21175598251973093
21,14,0.9885577966652833,0.02683258808385569,0.5445820847140584
25,8,0.08674021019012401,0.2621437869704738,0.2130502992568314
20,10,0.6772893862829613,0.2779805980767923,0.8910545559323334
21,7,0.30573504695747666,0.8173865626513154,0.05229241942212437
26,1,0.5010174725341912,0.34882991636747196,0.8325343132417162
7,9,0.45955674510132216,0.22560337997484392,0.4103787013894439
3,2,0.9102612844725131,0.0779055438242865,0.6063654346112507
8,4,0.5364095983336772,0.011245648880591985,0.2602679150854744
24,7,0.057511922611492516,0.4987751574325394,0.6027934107244243
16,5,0.1335803867691,0.7731879209271386,0.185515194861696
8,2,0.2428553505015929,0.897938233207914,0.806804516980408
21,16,0.25264449056158056,0.40279043787739977,0.5964382479783219
11,14,0.19218292428439254,0.30105595285488407,0.6486407194208894
8,9,0.7082556100334447,0.17744955469732204,0.26467275316036365
25,6,0.6694798970441603,0.2280510896252067,0.16781895492950027
5,13,0.6131179551196335,0.10503681867140313,0.036900285511101805
17,16,0.48222107606962905,0.8237425336603885,0.1667361819901796
8,19,0.25268323090833944,0.8768251736797162,0.36598324029892204
15,5,0.19443852605833867,0.81047441785414,0.9083533775861872
12,9,0.44236406427903396,0.6799123801864071,0.7828370645474625
11,2,0.9780212957537479,0.5148534435190607,0.22400197511709918
11,5,0.8716034864229656,0.13286296331080183,0.020531869438875083
16,12,0.6274891025077695,0.6646266404162238,0.23444365233008868
23,10,0.6969428813556309,0.9795977355366812,0.9017869230139792
4,10,0.13029883608229764,0.19906338321669825,0.32464811060987886
21,19,0.9727144339230988,0.6663034097654699,0.5629894058751663
18,11,0.11347264961242975,0.812171358833131,0.47689398796598614
2,12,0.1597926784963305,0.9637058260878306,0.5383096563957095
8,17,0.2090227372668444,0.6046155745062604,0.8942345965718732
3,1,0.8586916372560476,0.6003124777836991,0.32022659167299306
13,4,0.23841009773100263,0.6684774602370996,0.555592856316026
11,5,0.9272864253604687,0.32526095458583915,0.482527131469904
27,14,0.8454654094574086,0.4834007783519152,0.6366619531589183
8,14,0.7181131974643693,0.15048285819819918,0.7808650299950486
9,3,0.7781258176280202,0.1952581552885856,0.27619663091093904
10,18,0.5004081041563351,0.3012966073936131,0.42055738080177674
29,3,0.14556902796018723,0.3072903599611504,0.17622930659701286
16,11,0.5208596269218295,0.815875907379886,0.03082914727950259
11,7,0.7290212893248422,0.04021116353334331,0.3433300669120942
21,14,0.13755779581059036,0.4416320015426418,0.3043348914060151
14,16,0.7952592274003626,0.5309343463270579,0.9640995577834897
5,5,0.08463796196369666,0.7171901475237765,0.8943357833843707
5,13,0.9883616270834364,0.04001797244959182,0.24518645628891367
8,16,0.6489788750697453,0.6869328012532202,0.10840193263494735
8,14,0.8804359885102109,0.7765843773531628,0.9534629425694724
10,7,0.2862320916112532,0.5020839819212027,0.4331352166344249
28,10,0.4637201640460846,0.4847074806259142,0.19107566910075668
10,8,0.43235785984564623,0.6642607692987152,0.8423685430393906
15,17,0.28267608317556936,0.8278338577554964,0.8457289042540396
21,3,0.45623205137347933,0.8604306275663252,0.5573794477321943
2,19,0.7601950023569012,0.7751517700867372,0.10817035497766736
22,2,0.4968374776183605,0.6956091937143185,0.9818693901190807
22,3,0.8828672331375412,0.10905498099472366,0.006071684619411211
9,18,0.3335922355547192,0.09677001985711664,0.8161411940849057
26,15,0.8618706530224158,0.6503546941955284,0.3839375789847993
13,15,0.5212310202488242,0.5912972086672068,0.9545633316007254
22,9,0.8510107995370594,0.7131389204550026,0.9628938462220566
18,13,0.25730201617572934,0.6520708479090095,0.7716091452846329
1,17,0.4692853132548839,0.7999949452448186,0.28670720082913326
23,13,0.39685878770913796,0.5784696831472524,0.023120739449755456
1,18,0.7067671294683406,0.9893613299022429,0.9905958525623222
15,12,0.6471677247989558,0.08787468070109805,0.9070479126634954
26,5,0.3221461240796939,0.7124765714724461,0.47175670007258375
21,13,0.33026595142649706,0.11388408902868263,0.8066039730769589
23,11,0.7646885663727645,0.7718648924010191,0.42964479686659096
16,16,0.769268777602469,0.3862096776296978,0.5155894686947047
29,13,0.9212263016018983,0.9724899808900859,0.5022812095831239
27,4,0.3368536964063633,0.7854119490279221,0.1755961736739834
5,19,0.4356974841086002,0.7743948185207881,0.46744569609017306
6,1,0.13794823318123473,0.6134788544544845,0.46869061268892964
20,14,0.4181217797391812,0.8585325901860652,0.9045247108827481
14,2,0.1992487328466429,0.3795713784789685,0.6762723023009716
5,5,0.8747920405861322,0.8046645036954447,0.6211001594690516
15,17,0.5662703618979134,0.5673222905599318,0.6740807360007953
7,7,0.9924577216623918,0.9433321790694857,0.6012340088448226
12,9,0.8813873298536207,0.8833852538420288,0.21548144532955849
28,16,0.12572028787394052,0.2636426900308646,0.11684823669079436
3,14,0.788437577499101,0.09955249539341793,0.9206892504996231
22,1,0.13808184726666506,0.7605257259172669,0.7680944937826767
19,2,0.7838591016545284,0.41282736861125224,0.24505485742525068
21,6,0.27376026745724824,0.25719932477681773,0.7516758257044254
29,3,0.051730667854343326,0.2967660319437829,0.17853182707006876
20,2,0.32111377977730393,0.25177242037781056,0.7388170621493996
3,11,0.4706440977544226,0.618555318125394,0.39280659647279614
27,7,0.3841430581404697,0.4662118643821771,0.00791924823502177
21,10,0.18330573829691688,0.030016413474540315,0.07064510876670849
9,15,0.6125864699472263,0.8823218955421476,0.47219371252426934
1,2,0.2046504644081295,0.14086696003651367,0.031009276234046035
16,4,0.5793290981420968,0.023872360700189166,0.3944613186036805
7,7,0.6846067532590272,0.23123681775915506,0.3080310877764133
9,1,0.9767760720969603,0.7087422462272317,0.10599521318002136
27,8,0.08667964617874035,0.23503475226451886,0.4579359944378337
9,7,0.1592232023247092,0.7293334605318194,0.11597912259649112
16,17,0.6827420389228455,0.6779817520690556,0.18586284883854132
6,6,0.7709201117655436,0.1785844907651989,0.9267072911908805
23,3,0.2696800115441994,0.0640412115307103,0.44222022297505015
22,17,0.21491327647043035,0.5582817089085313,0.6857796007574043
23,11,0.7676864923402879,0.09649619098820628,0.965687511600168
1,9,0.3424511423114386,0.04787237977393799,0.13766876597737177
21,9,0.5947988981957552,0.06348145286929074,0.36418031149967256
13,14,0.4367546319894281,0.7708115979551999,0.8458703937684675
26,6,0.36613623242467197,0.6983556697045792,0.10443219927536107
1,15,0.36501876927993304,0.4376284769864556,0.6404883103374313
28,18,0.9759774101155606,0.9491554528158576,0.8323388901767165
9,3,0.8259605280781658,0.6034223005989878,0.10869911890423578
17,8,0.19900105283113567,0.5518523587660226,0.8595326658902429
6,12,0.5696206011000321,0.5844042585233232,0.7397303252435241
14,5,0.6086330684858706,0.8359032597050783,0.5086834121006804
7,1,0.22026322743016225,0.5297534974021496,0.9600163470478793
7,9,0.875711433919723,0.09234775383520677,0.5047448558901882
25,17,0.6380933680878926,0.9550799884647617,0.7519549784918638
25,3,0.9731463557284628,0.49946683919532897,0.9443566736458053
5,18,0.8863038752359461,0.9547854650920551,0.08520946544192654
5,6,0.7597164322955758,0.22105206081975548,0.1976383920397513
1,12,0.7163515778130377,0.8367573385318985,0.9158851822653146
18,6,0.5022155753405956,0.08348127786411152,0.9393843948205107
10,4,0.9268211904058083,0.194649730359175,0.32042555633869996
17,19,0.2520165646140071,0.8488498508139605,0.9618660436759182
8,3,0.710900035764906,0.3362784207863395,0.4344810203202304
28,14,0.9940766602678984,0.2885078007282694,0.11436754598481613
15,2,0.9186662419371426,0.1624517354555518,0.32099136059918676
14,11,0.31572862283526093,0.6832270098280889,0.3456180000989538
22,9,0.8684063427260824,0.3207361049145031,0.49646794618679657
21,6,0.6480862895160416,0.08661192770505821,0.21498437748509835
15,9,0.5880705564464679,0.1799507910574456,0.15765283007817577
24,18,0.07632855630838942,0.5382183470761248,0.2611470186530066
19,17,0.8423793595691502,0.25013963290114494,0.8838541735805158
4,11,0.650684424361155,0.431952799274978,0.06608690305081921
6,9,0.34188749216172865,0.9499756987018394,0.54495817412352
22,19,0.5981689269011597,0.09195682222671586,0.3553715265143388
21,3,0.7764351826922092,0.2759861421103401,0.4373269286907989
3,2,0.19086812454367819,0.6483986458681225,0.7216459569779543
14,3,0.8044138942059025,0.8918607643797204,0.9674728333653362
23,17,0.741466632435632,0.6422737382696971,0.9492517718105455
10,11,0.5587551913968603,0.4728471520501911,0.749325080379094
24,17,0.7892051553205961,0.18695329643291103,0.21231072155641573
10,12,0.6099738670799708,0.35890551783338476,0.2011488085849492
5,3,0.5610734209771132,0.9397762957718828,0.2755257905064046
29,14,0.9755446687293245,0.23997088092193675,0.7487456067446843
27,7,0.5722612190288545,0.8621214502588341,0.3551576924077917
10,8,0.5097293730145663,0.8123669299772109,0.2613088134643575
7,19,0.46792710058409304,0.7588963570179825,0.42928456245661173
6,2,0.4491901246658536,0.45187854288588136,0.014901874781825586
8,7,0.5683449485493264,0.053739292645604175,0.6069549325828829
20,16,0.7592864595540088,0.02906141638875981,0.4678078150259314
26,1,0.08101317445990563,0.3304977894059289,0.9217207282618706
27,14,0.2170051745317546,0.011884652343140956,0.36332823845348206
18,3,0.9908270818154508,0.6445562477753735,0.028610730983914978
4,14,0.7499840779208895,0.07951346123542358,0.7231132927379438
26,18,0.7129067009151713,0.8822633369038482,0.6075992168396995
4,3,0.13265915978428544,0.9706582548294238,0.4597407277363399
9,6,0.22960426259915634,0.9324325029207889,0.926643518279964
4,13,0.42970900854227845,0.7277374234690781,0.5213643908031745
22,11,0.12055430941669232,0.3722651507940319,0.2623096670985038
28,5,0.977435792566146,0.26971522349213073,0.9039652677068304
13,11,0.14424835041988582,0.010635111195440916,0.4645542592188038
23,2,0.718722496759831,0.8537698882392424,0.7307939495019227
24,12,0.6082904376416746,0.9298743485100327,0.46756822350566307
23,1,0.6551493368021231,0.5992104977932208,0.37369884189393077
22,18,0.15180474282424183,0.0067877540334241315,0.02661863814324228
8,8,0.5210292596763577,0.9200595755494513,0.8001095367077115
18,19,0.724883888416885,0.9818790684472173,0.7015932931636033
2,2,0.36909429198887556,0.3407790055389808,0.11285656849977244
23,17,0.10976574697990238,0.7667743213455979,0.49929617423797523
7,8,0.7373319329325354,0.06523163430732393,0.6569260520021919
15,19,0.5196331986725148,0.7619768477347134,0.4817442364895683
5,4,0.022198469383005737,0.8736437150563914,0.9164612637717305
26,10,0.09410296517805772,0.2827324307545027,0.720447739749927
15,11,0.2669236988772601,0.21882325446186457,0.0933647321850577
1,14,0.9859345949100471,0.33526149072038414,0.8644199492712148
27,14,0.054636505954583914,0.5595360063381754,0.5127939521802685
10,11,0.4872607316814428,0.3468773999747842,0.8928211742691192
20,11,0.501652200414613,0.46427124017364296,0.8395337616891257
15,4,0.783841939025451,0.6658261297210708,0.9205307626503776
25,10,0.487134494905063,0.22873159813264354,0.9490711557029999
6,14,0.44512484897904636,0.716639777543625,0.7850547151359385
20,18,0.6745290820642276,0.9107465798741441,0.7320357374578189
20,17,0.2830836765299304,0.6035612402979474,0.49065126160218153
9,6,0.7352926246332447,0.5701205686008083,0.9885121487222146
24,5,0.1618525465610403,0.044107367923772234,0.483386191012551
16,19,0.7103387960060477,0.4577101872831232,0.7000659725689824
17,6,0.12028311104626943,0.9245620489611026,0.8244599110189983
18,11,0.12451969401914009,0.18939598103882205,0.23770737884586468
8,12,0.059447454861308424,0.9864546064572763,0.6781707431826083
3,3,0.7644496731124585,0.9145422927609469,0.5163346267745043
4,15,0.87167236618283,0.9335688625933108,0.8193483756195459
6,4,0.9672294069251209,0.19232270928744943,0.4762533061042924
12,13,0.6436102343714953,0.8946101890834517,0.7970506210087491
6,14,0.10818509327652714,0.7085514813844355,0.20928214371660459
1,14,0.20677059342462345,0.6673748204849063,0.42128209420130647
19,6,0.009817214249244532,0.46391212353066513,0.10949781229883637
6,11,0.6259135767955208,0.08050768715900614,0.23153100682171934
28,3,0.23220289527136384,0.3916491227846224,0.1472559919594062
15,9,0.8536849837422662,0.1371554110361548,0.8083482975820633
9,15,0.9400754940249322,0.531939126325749,0.5417513455488622
15,7,0.15768833535079596,0.06824688942744228,0.7369084429397413
10,4,0.35188461895147705,0.49487443118507857,0.7439983363597694
24,12,0.879541519405444,0.251696008340337,0.28059219548805303
26,15,0.7535768655236401,0.3879958744456483,0.6070274084729331
8,18,0.25024062265482516,0.133860463381417,0.5697993435703675
5,8,0.023617960672003724,0.3490218958841773,0.4900760437387719
13,15,0.7342005989201543,0.7456289533689234,0.06652846572935178
22,6,0.4327143396087455,0.17130577156182236,0.35923805805028086
2,17,0.9092937643460602,0.10096268347351911,0.6748343768829334
25,19,0.569072514548822,0.8452740620354791,0.17439786156031323
23,1,0.5628460962421805,0.4013556175028742,0.05467597435743965
9,8,0.9667901436341727,0.6620669985703126,0.37563954125047516
16,14,0.2976564549628923,0.06623523038669099,0.07453668629943411
21,7,0.44129490359802537,0.04283436892751313,0.773209220450679
3,9,0.9818083206050936,0.7272868351223497,0.8350643895930558
8,11,0.2265821018207581,0.16897108052790266,0.7258355944896595
14,3,0.9006829332549987,0.08004542418046079,0.32420581830412043
18,15,0.20070971951872507,0.840302953988078,0.8748059553816854
7,5,0.46412149332350505,0.9477775726023546,0.03885377019580449
19,5,0.7804497206471234,0.09867845820872112,0.33009705320014604
7,16,0.4278072113072734,0.8946035705884974,0.1485177976169798
22,6,0.43688022061689336,0.471314104105209,0.772273779685441
13,7,0.7697945267676751,0.8837606739665087,0.878065862891652
11,15,0.5675111694004242,0.8334140493371631,0.639531828541022
23,18,0.41553954433865525,0.30369850976052915,0.7710801122680846
17,9,0.61222731484452,0.959049939754835,0.31631875723947334
16,14,0.8257836344725709,0.4000458225572534,0.4852178471783338
20,15,0.32488088514807356,0.9419984510529877,0.43166451003560935
28,3,0.1874741019011109,0.251008431571058,0.21418929305780476
19,19,0.9789438490257673,0.48253275112213967,0.8510489800188509
28,7,0.6581644759426315,0.7242019977248334,0.5387003622438757
3,11,0.20972033406335533,0.5973541718617469,0.035145925991252436
10,2,0.3746083983289493,0.667431428178118,0.2700459136247081
29,1,0.0848362890798271,0.09318200842863189,0.12553209055663728
27,6,0.4222375414427344,0.06113815749991036,0.15111769491466664
24,3,0.01988343940855608,0.6280909372112784,0.6015691234448843
6,14,0.9928331817684793,0.5097872056481852,0.05986488698182679
6,19,0.9843851571654725,0.35586739849054827,0.0028440059130773188
17,5,0.5211113639899541,0.9730131719975501,0.8591138709442458
14,11,0.11909033700336502,0.29108492333663694,0.290019226763068
29,4,0.25512007120529034,0.8706950360439679,0.7204774343372721
17,5,0.6400732858306029,0.407707619878398,0.6960628667818334
28,12,0.6580640161568582,0.40380786752098496,0.4244521438954887
10,15,0.16917664192382276,0.37766811708286585,0.5358590591960155
14,1,0.5274403398523484,0.4653017995128611,0.398685265853746
15,7,0.6508750446873468,0.5917632602674736,0.1256890186411599
4,9,0.1226711894712319,0.034741667477205196,0.8465984658493394
24,17,0.39735652500856045,0.7502598717844835,0.6557074959004799
2,4,0.7029987876329824,0.7949226113642329,0.23495537461514016
14,3,0.4549645785135906,0.0075753909518876394,0.962189509444676
27,16,0.0944147948310452,0.3217031799357444,0.15918319941693793
29,9,0.8647323574990862,0.9569935358776366,0.6725883728340728
25,17,0.0928130061421295,0.18029269695943784,0.09521665043279315
15,7,0.6868592786019582,0.5494540602554513,0.7675784850178553
19,16,0.17366418036509967,0.0527815946077147,0.20078930186800403
14,13,0.5296502174863754,0.5073476896505316,0.08730692123434847
15,18,0.3954014981414592,0.7892144771239893,0.29652133391409774
6,8,0.817416421122875,0.9440891136346126,0.07549002789189152
1,2,0.1352239434757322,0.04672923518849714,0.804374129310682
18,11,0.7420539653035861,0.44445962400101724,0.7875047728657362
17,14,0.2504249709059172,0.7349102965719884,0.8969251246541502
8,16,0.2172930193287801,0.9852877818774991,0.8890446727415144
8,11,0.7410826092037796,0.2587283307822539,0.8260198518223637
16,19,0.4179101575600811,0.6514946641463596,0.32009652677036726
6,9,0.9958111854947799,0.26899520317040004,0.839469354594638
12,9,0.8287875391268188,0.18374074630337522,0.3323672613165203
9,2,0.46728334178042485,0.7026707156141253,0.10768653968545094
2,8,0.2562555828606137,0.01737317615996925,0.8444804424857016
6,7,0.4504453996263261,0.9053750966186095,0.36134221759495366
7,4,0.029446265084732803,0.14469751572246314,0.35674193934468235
8,4,0.8041363943666959,0.6873803680101019,0.6701467559072453
17,16,0.04451079670847591,0.36648082291102424,0.33211479441313185
23,4,0.09161560821459758,0.2010177723352039,0.3014501213273916
21,9,0.38739879083611195,0.08564006872395358,0.4267792705060792
18,3,0.24382568476610822,0.09002195264454871,0.5796032328481748
21,10,0.7465045413039089,0.9022584397360366,0.22210473950667164
3,4,0.3384139069396973,0.15328434325739138,0.8526088566609565
15,9,0.9009174108683333,0.9346271455329427,0.9686851668543273
29,1,0.8703183014891485,0.9186580295580017,0.33008717667937293
3,1,0.6796739760140716,0.6988273773585237,0.576809546419559
2,9,0.4588347598735324,0.7172664546160207,0.9731695418009247
1,3,0.40730112225998016,0.6625961744936038,0.8310652409269009
26,11,0.6027179092177557,0.47732052871139397,0.6771271066054553
12,19,0.38609523849150373,0.5366273782974247,0.25938696912309844
18,1,0.8230365042744849,0.27631486936808847,0.5626985139677804
2,6,0.7094978301505257,0.6280019939073284,0.06923311213740968
12,14,0.8660480075636632,0.5391806003942591,0.19208015456737748
23,18,0.014530392468497966,0.21107734387357668,0.010444816496314013
16,11,0.3040790522625707,0.41145207644460935,0.8645313958359793
23,18,0.022723683271512196,0.4517786563445585,0.27506030471364507
20,10,0.9531269667320792,0.4850208980449493,0.2289579637214033
14,13,0.9024398308798648,0.4917701097891486,0.9048225034098517
26,18,0.3795498772513187,0.8433555065925876,0.47827649043282516
23,9,0.5747891496110941,0.3338337356196215,0.29893162327662237
8,15,0.8616401314648522,0.08275325295528702,0.05178752812427179
8,16,0.5292900885376971,0.06158806435652753,0.023951117803134525
14,4,0.5091018192412745,0.3611865818058062,0.020721054671184458
28,12,0.948029077222478,0.8272998281978676,0.6202523281326736
23,15,0.10647703220822224,0.7412123450414911,0.870768279550006
14,11,0.977618739384971,0.6587774703743007,0.6549933874999715
14,1,0.5762168343669265,0.7652591309407037,0.4299398484711918
2,15,0.9144439606516014,0.1753209251105684,0.6904602348617428
26,8,0.9722997777193744,0.34927708344155173,0.4756485832742946
4,10,0.8811721675861444,0.628001842905922,0.11351919033571045
24,6,0.8111658532439425,0.19412047489331163,0.39404943007757187
19,7,0.7312131089116284,0.26447550443669,0.2520850711648408
4,6,0.8521507709372936,0.397449672116462,0.40071023068522316
9,15,0.3131534274979314,0.2339102223104219,0.8036464311777303
16,12,0.12438906861796395,0.4619277553748924,0.5097913428949129
27,7,0.038713683937893206,0.5621095502337963,0.21589584706932174
15,15,0.5116792304911233,0.7247583486164294,0.5278602043135839
17,5,0.19435220684546017,0.06554894405963918,0.5266178103758654
4,3,0.8245446522668575,0.68371635095078,0.485516383078644
4,8,0.2805139134131458,0.8095140015445856,0.3658943966195177
26,13,0.3944943696505947,0.4171411234271132,0.5805158403937568
25,18,0.26749121596619696,0.20853095891194795,0.17680844006691476
15,18,0.19855356097247845,0.9065849611110159,0.5638066342176654
28,18,0.8781910250110412,0.8471153383260805,0.0847189650483825
12,19,0.504117651014346,0.27720055614815586,0.6848440154803075
7,17,0.5701967845059978,0.7591875983975515,0.1341463548593903
4,8,0.6014009904918978,0.6674728104307817,0.9500950055958153
24,4,0.6368627688515136,0.7613065801448151,0.8123087852137085
6,6,0.5167214963443916,0.2665644109033747,0.4360902951025647
16,16,0.08961636366562375,0.9089382018205159,0.14760290838969214
9,5,0.3835985718677414,0.2963491954737615,0.9316622820918883
28,10,0.09181639170270184,0.17824014709393432,0.48698319688045055
13,10,0.9452324703540878,0.6700335356623963,0.021371876094626763
21,11,0.9092706001467611,0.4363962774238256,0.12371300317426293
28,8,0.4159740006650734,0.182054393457192,0.5059402740573691
11,5,0.7037291458010255,0.10145055239260437,0.4519842360218168
16,10,0.33565513968051186,0.1283545473412504,0.8627126431260436
14,11,0.5398562691552327,0.9308726574675904,0.870063019991485
25,10,0.24706612550352425,0.9034565156955154,0.9525851941903404
14,18,0.717656355327593,0.12852074843998396,0.47503461775258515
6,3,0.09027130546171946,0.8301091577074853,0.9569206477006453
18,2,0.7365269756747223,0.5550383842235989,0.3065756109511023
14,13,0.1648516266168908,0.06947084253015134,0.061407976899859884
24,14,0.3268854140456303,0.10660945465254279,0.5390797502364367
19,3,0.3848546385410797,0.5870798364173688,0.22168156172135156
8,19,0.3757588078915054,0.07884530843669202,0.9566524428865899
13,16,0.3807874323678645,0.022606783082130377,0.47270857743265227
25,18,0.6600556151412926,0.9265555414333045,0.19353322445899657
2,15,0.4610951523101783,0.006135950515038013,0.18651915458248192
13,13,0.41808675357896063,0.40445173725827877,0.19644400829218656
12,12,0.8925199357307114,0.5417800555368161,0.08549575593820846
28,12,0.9196274158225232,0.6659131412161676,0.38379319226549713
24,6,0.60612216367361,0.19969904103452074,0.34660001366962934
18,7,0.5614936162715852,0.505016303335949,0.4322984862305501
25,6,0.6353938535560835,0.07696941164695448,0.6256763224156635
2,1,0.8247535800034975,0.14332566446448136,0.5102146438116488
10,4,0.8015324669037552,0.6243447677754702,0.48053321006939076
3,18,0.7875284468893947,0.5963670523256279,0.8570366760578936
12,7,0.455096461507837,0.8098364710156585,0.2281929904473582
4,17,0.9599251486849394,0.48594365948671225,0.3237679554937616
5,12,0.12803994571927957,0.3033927926402754,0.6365942338553944
19,12,0.08516245819516866,0.40110364871007054,0.10723241842721853
12,7,0.11491843778997701,0.4574627106045259,0.8046857211542401
27,6,0.29869599169376315,0.6541192889217945,0.8130486946103281
17,7,0.7164494174054048,0.35691533063046876,0.28048271786587486
11,4,0.5059908160082728,0.8434130684762077,0.26623241610213666
28,4,0.3095612752723651,0.05673224858662451,0.20912515141920218
8,8,0.00711610518928163,0.8038967573784046,0.3154900012749525
22,4,0.7000352421337603,0.07879156034381973,0.6147834032190523
10,17,0.9561659714096158,0.17341813414697504,0.4533555542379646
9,9,0.054171093015377036,0.5154810441562486,0.26179433938941576
6,4,0.1411534554714,0.10608284152275327,0.9833239936368858
17,10,0.27396208896566987,0.5213683656854408,0.40086190791510123
12,6,0.5290908192477976,0.22443948220572651,0.3108225462753972
6,6,0.3780602786953041,0.4376446873793801,0.9340612200356794
11,4,0.6246332450091694,0.7592021971427431,0.732572372360327
22,18,0.39401334020404344,0.8774430220180293,0.06453554237121495
18,15,0.9905648986352292,0.6923455551978682,0.16417061929958587
16,3,0.7734293578008672,0.3910124230608151,0.7862337379593178
4,11,0.9922823684823764,0.8885660574487768,0.41456417717577043
25,4,0.23656014966874028,0.3612662908336446,0.10133274665653358
1,8,0.7454064717602378,0.786815986050091,0.3287770910149319
25,6,0.24890463720008793,0.9518348189642105,0.6361624064926745
1,18,0.4423383701476252,0.12378553495058997,0.6300031718936397
15,1,0.10574775795125868,0.88251455400996,0.17842140977526544
17,5,0.2583858832400705,0.7212481939843548,0.747357566182855
11,13,0.10464607941421211,0.7737042708257317,0.38739736133667346
26,12,0.4508239902671073,0.8045952653749934,0.7438680851150393
19,5,0.9668064266640696,0.26231588008927686,0.6345458169290162
22,18,0.6856057144527871,0.694988983593227,0.07523149625139436
18,1,0.608327582903897,0.814263702045895,0.155503386494508
19,2,0.1376873338324337,0.8302554966797521,0.743809719941609
20,3,0.052384243349808735,0.781312134065836,0.10595440469788431
1,17,0.9967233890532727,0.5182145179681926,0.20163557791107767
23,9,0.5438309086274709,0.22667022664585257,0.8623328959396549
16,10,0.481911132071813,0.6677017844809334,0.9639110982733895
